{
    "accuracy": 0.9792078483051468,
    "f1": 0.857429718875502,
    "precision": 1.0,
    "recall": 0.7504393673110721,
    "roc_auc": 0.9833086039355464,
    "log_loss": 0.16735511194428346
}